{
    "temperature": 22.28397949218749,
    "humidity": 49.049896240234375,
    "update_at": "2020-12-28 04:37:11.648871"
}