{
    "temperature": 22.21962890625,
    "humidity": 49.393218994140625,
    "update_at": "2020-12-28 04:51:49.188022"
}