{
    "temperature": 28.590336914062497,
    "humidity": 60.455841064453125
}