{
    "temperature": 27.925380859375004,
    "humidity": 49.675506591796875,
    "update_at": "2020-05-30 10:30:24.228214"
}